{"loss_data": [2.420565709471703, 1.7108965948224069, 1.3938139826059344, 1.2318836346268656, 1.1394554150104523, 1.1644374042749404, 0.992497596144676, 0.9054950277010598, 0.8671180032193659, 0.8353386044502259, 0.8147117952505747, 0.8041854381561278, 0.7925658084452153, 0.7854084014892578, 0.7793658223748207, 0.7758862582120027, 0.7744104646146296, 0.7715765675673116, 0.7672775602766446, 0.7655491236845654, 0.7625563740730286, 0.7620709722532947, 0.7600327980187205, 0.7601322249362343, 0.7601965881884096, 0.7634999340488795, 0.7665497304363683, 1.018934565782547, 0.8888526052236556, 0.831556725502014, 0.8172786369919773, 0.7989100551605222, 0.7833649958173432, 0.7764290933098111, 0.915652161836624, 0.8280962541699409, 0.812056216597557, 0.7879380039870737, 0.7734665465354919, 0.7752874260147411, 0.7740153810807635, 0.7705750659108159, 0.7687285655074646, 0.7643029817938801, 0.763676259192553, 0.7651921453575288, 0.7623518065764345, 0.7610506093927785, 0.7595964862902952, 0.7579771701246494, 0.7552483164212277, 0.7519737785061194, 0.7499865144491188, 0.7480077704787248, 0.7463441134918298, 0.7452271598306563, 0.7434149433737213, 0.7432499609887596, 0.7447529300451274, 0.745426010856261, 0.7462540237991895, 1.1971123665571213, 0.9731016635894776, 0.8907404621442159, 0.8587221190333367, 0.8308770352602007], "epoch": [0, 1], "lr": [0.095, 0.095], "loss": [0.7756343915107402, 0.8535092527216132], "val_accuracy": [50.88, 48.96], "train_cm": [[[1123, 1103], [1135, 1151]], [[16, 6], [9, 1]]], "val_cm": [[[1272, 0], [1228, 0]], [[6, 1266], [10, 1218]]]}